ISBN,name,author,subject
9780060741693,Biscuit's day at the farm ,story by Alyssa Satin Capucilli ;pictures by Pat Schories,1
9780198480648,Reds and blues,[story written by] Roderick Hunt ;[illustrations by] Alex Brychta,1
9780439113212,I am planet earth ,by Jean Marzollo ;illustrated by Judith Moffatt,1
9780679864417,Cat traps ,by Molly Coxe,1
9780679884491,(The) bald bandit,by Ron Roy;illustrated by John Steven Gurney,1
9780743461511,"Click, clack, moo ",by Doreen Cronin ;pictures by Betsy Lewin,1
9780746054116,(The amazing adventures of)Ulysses,"retold by Vivian Webb,Heather Amery;adapted by Katie Daynes;illustrated by Stephen Cartwright",1
9780746054925,Animal legends,retold by Carol Watson;illustrated by Nick Price,1
9781405052306,(The) Gruffalo' s Child,by Julia Donaldson;illustrated by Axel Scheffler,1
9781409505488,Alice through the looking-glass,by Lewis Carroll;adapted by Lesley Sims;illustrated by Mauro Evangelista,1
9781409520696,Sleeping beauty,retold by Kate Knighton;illustrated by Jana Costa,1
9781783442904,"Not now, Bernard ",David McKee,1
9788901028194,집 나가자 꿀꿀꿀 ,글·그림: 야규 마치코 ;옮김: 고향옥,1
9788901033518,돼지책,앤서니 브라운 글·그림;허은미 옮김,1
9788901052922,괜찮아 ,최숙희 지음,1
9788901054926,맹꽁이 서당 세트(전15권),글.그림: 윤승운,1
9788901072531,무한 변신 수학에 풍덩 빠지다,,1
9788901101330,(박영규 선생님의) 만화 조선왕조실록,글: 박영규,1
9788901114941,(박영규 선생님의) 만화 고구려왕조실록,글: 박영규 ;그림: 양석환,1
9788901114965,(박영규 선생님의) 만화 고구려왕조실록,글: 박영규,1
9788901121390,기분을 말해 봐!,글·그림: 앤서니 브라운 ;옮김: 홍연미,1
9788901162294,아이의 영어두뇌 ,박순 지음,1
9788911021406,훨훨 간다 ,권정생 글;김용철 그림,1
9788911027101,낸시는 멋쟁이 ,제인 오코너 글 ;로빈 프레이스 글래서 그림 ;김영선 옮김,1
9788911030088,너랑 짝꿍 하기 싫어! ,박현숙 글 ;권송이 그림,1
9788914017420,공룡이 살아 있다 ,글: 로버트 매시 ;그림: 스튜어트 마틴,1
9788915073098,삼성과학학습만화 ,파피루스 외 글,1
9788915084858,(초특급 과학탐험) 걱정인형특공대,글: 홍영훈 ;그림: 김환,1
9788917198799,안데르센 동화집,원작: Hans Christian Andersen ;retold by Joy Sharp ;illustrated by Lee Chung-mi,1
9788925548968,판타지 수학대전,글·그림: 그림나무,1
9788925550916,판타지 수학대전,글·그림: 그림나무,1
9788925551531,하룻밤에 읽는 그리스 로마 신화,홍경한 글 ;김정진 그림,1
9788925554167,판타지 수학대전,글·그림: 그림나무,1
9788925554761,판타지 수학대전,글·그림: 그림나무,1
9788926387061,(코믹 메이플스토리) 수학도둑 ,글: 송도수 ;그림: 서정 엔터테인먼트,1
9788926387153,(코믹) 메이플스토리 ,"글: 송도수 ;그림: 김신중,서정은",1
9788926390214,(코믹) 메이플스토리 ,글: 송도수,1
9788926391051,(코믹 메이플스토리) 영어도둑 ,글: 오래밝음 ;그림: 양선모,1
9788926391068,(코믹) 메이플스토리 ,글: 송도수,1
9788926391235,과학도둑,글: 송도수 ;그림: 양선모,1
9788926391341,역사도둑,글: 송도수 ;그림: 양선모,1
9788926391877,(코믹 메이플스토리) 영어도둑 ,글: 오래밝음 ;그림: 양선모,1
9788926391945,(코믹) 메이플스토리 ,송도수 글 ;서정은 그림,1
9788926393604,(코믹 메이플스토리) 수학도둑 ,글: 송도수 ;그림: 서정은,1
9788926393642,역사도둑,글: 송도수 ;그림: 양선모,1
9788926395288,역사도둑,글: 송도수 ;그림: 양선모,1
9788926395424,과학도둑,글: 송도수 ;그림: 양선모,1
9788926395448,과학도둑,글: 송도수 ;그림: 양선모,1
9788926395486,(코믹 메이플스토리) 수학도둑 ,글: 송도수 ;그림: 서정 엔터테인먼트,1
9788926395615,(Maple story) 메이플 축구단 ,글·그림: 인우,1
9788926397527,(코믹) 메이플스토리 ,글: 송도수,1
9788926397534,(코믹) 메이플스토리 ,글: 송도수 ;그림: 서정은,1
9788926397541,(코믹) 메이플스토리 ,글: 송도수 ;그림: 서정은,1
9788926397596,역사도둑,글·그림: 양선모,1
9788926397602,(Maple story) 메이플 축구단 ,글·그림: 인우,1
9788926397695,과학도둑,글: 송도수 ;그림: 양선모,1
9788926397817,(코믹 메이플스토리) 한자도둑 ,글: 유경원 ;그림: 이태영,1
9788926397985,(코믹 메이플스토리) 수학도둑 ,"글: 송도수 ;그림: 서정은,서정 엔터테인먼트",1
9788926398180,(코믹) 메이플스토리 ,송도수 글 ;서정은 그림,1
9788926398241,(쿠키런) 폭소과학상식 ,글: 조주희 ;그림: 이태영,1
9788928102389,(예쁜 소녀) 수수께끼 ,"HR기획 엮음 ;김명자,박극희 그림",1
9788928302635,신통방통 머리셈 연산 ,서지원 글 ;심창국 그림,1
9788928302666,신통방통 길이 재기 ,서지원 글 ;혜경 그림,1
9788928302802,"아드님, 진지 드세요 ",강민경 글 ;이영림 그림,1
9788928307036,"나, 슈퍼맨? ",최형미 글 ;주미 그림,1
9788928307494,공부가 제일 쉬워요 ,서지원 글 ;진세박 그림,1
9788928314034,스토리버스 ,편저자: [현현각 양지] 편집부,1
9788928314041,스토리버스 ,"만화: 유기영,류수형,최익규,김현민,김은정,이동학,문진록,김홍선,신재환",1
9788928314072,스토리버스 ,편저자: [현현각 양지] 편집부,1
9788928314102,스토리버스 ,"만화: 유기영,류수형,최익규,김현민,김은정,이동학,문진록,김홍선,신재환",1
9788928314287,스토리버스 ,"만화: 이동학,유기영,문진록,김홍선,류수형,김현민,김은정,최익규,신재환",1
9788928314331,스토리버스 ,"만화: 이동학,유기영,문진록,김홍선,류수형,김현민,김은정,최익규,신재환",1
9788928315352,모자 때문이야! ,김란주 글 ;권송이 그림,1
9788928315499,무조건 내 말이 맞아! ,임근희 글 ;김현주 그림,1
9788928615810,나는 왜 이 일을 하는가? ,"사이먼 사이넥 지음 ;,이영민 옮김",1
9788930200851,Why? 이슬람 세계의 형성과 발전 ,글: 김영훈 ;그림: 송회석,1
9788930200905,Why? 세계 대전과 전후의 세계 ,글·그림: 크레파스,1
9788930200936,Why? 일본 ,글: 전재운 ;그림: 최병국,1
9788930200981,Why? 인도 ,글: 오영석 ;그림: 윤현우,1
9788930201001,Why? 중국 ,글: 김승렬 ;그림: 그림수레,1
9788930201407,Why? 삼국유사 ,원전엮음: 홍영주 ;글구성: 박세준 ;그림: 송회석,1
9788930201421,Why? 국부론 ,원전엮음: 김도연 ;글구성: 김성훈 ;그림: 이영호,1
9788930201438,Why? 리바이어던 ,원전엮음: 최유리 ;글구성: 박연아 ;그림: 이항선,1
9788930201445,Why? 사회계약론 ,원전엮음: 김주원 ;글구성: 박세준 ;그림: 이준희,1
9788930201483,Why? 목민심서 ,원전엮음: 옥혜정 ;글구성·그림: 정석호,1
9788930202329,Why? 바다 ,글: 이광웅 ;만화: 김강호,1
9788930202343,Why? 식물,이광웅 글;박종관 만화,1
9788930202398,Why? 생명과학,허순봉 글;박종관 만화,1
9788930202428,Why? 사춘기와 성 ,글: 전지은 ;만화: 이혜조,1
9788930202459,Why? 발명·발견 ,글·만화: 김민재,1
9788930202503,Why? 물 ,글: 김남석 ;만화: 안수용,1
9788930202510,Why? 로봇 ,글: 조영선 ;만화: 이영호,1
9788930202527,Why? 외계인과 UFO ,글: 이광웅 ;만화: 송희석,1
9788930202541,Why? 질병 ,글: 허순봉 ;만화: 가재발,1
9788930202558,Why? 독 있는 동식물 ,글: 정수은 ;만화: 송회석,1
9788930202589,Why? 로켓과 탐사선,황근기 글;이영호 만화,1
9788930202602,Why? 미생물 ,글: 허순봉 ;만화: 이근,1
9788930202626,Why? 스포츠과학 ,글: 조영선 ;만화: 이영호,1
9788930202633,Why? 응급처치 ,글: 파피루스 ;만화: 이준희,1
9788930202640,Why? 별과 별자리 ,글: 파피루스 ;만화: 이두원,1
9788930202688,Why? 식품과 영양 ,글: 조영선 ;만화: 이영호,1
9788930202718,Why? 미래과학 ,글: 조영선 ;만화: 이영호,1
9788930202725,Why? 유전과 혈액형 ,글: 전재운 ;만화: 최명구,1
9788930202732,Why? 장수풍뎅이와 사슴벌레 ,글: 남춘자 ;만화: 최명구,1
9788930202763,Why? 생활과학 ,글: 파피루스 ;만화: 이두원,1
9788930206723,Why? 과학수사 ,글: 조영선 ;만화: 이영호,1
9788930206730,Why? 불과 연소 ,글: 남춘자 ;만화: 송회석,1
9788930206747,Why? 공생과 천적 ,글: 박세준 ;만화: 그림수레,1
9788930207775,(과학하는 마음을 키우는) Why+ 생활과학 ,기획구성: 아사히 신문 출판사 ;만화: 오가켄,1
9788930207812,(과학하는 마음을 키우는) Why+ 우주 ,기획구성: 아사히 신문 출판사 ;만화: 마시코사토미,1
9788930207836,(과학하는 마음을 키우는) Why+ 포유동물 ,기획구성: 아사히 신문 출판사 ;만화: 요코오카타쿠미,1
9788930217002,자렛의 허브티 레시피 ,글·그림: 안비루 야스코 ;옮김: 황세정,1
9788930220613,Why? 수학 ,글: 그림나무 ;그림: 백문호,1
9788930221016,Why? 수학 ,글: 그림나무 ;그림: 윤창원,1
9788930231343,Why? 언어와 문자 ,글: 조영선 ;그림: 이영호,1
9788930231350,Why? 책과 인쇄술 ,글: 조영선 ;그림: 송회석,1
9788930231367,Why? 음악 ,글: 조영선 ;그림: 이영호,1
9788930231374,Why? 화폐와 경제 ,글: 윤상석 ;그림: 김강호,1
9788930231428,Why? 심리학 ,글: 조영선 ;그림: 그림수레,1
9788930231435,Why? 옷과 패션 ,원안: 이재일 ;글쓴이: 이준범 ;그린이: 이항선,1
9788930231442,Why? 국가와 국기 ,글: 전재운 ;그림: 이종원,1
9788930231473,Why? 법 ,글: 조영선 ;그림: 그림수레,1
9788930231480,Why? 집과 건축 ,글: 조영선 ;그림: 이영호,1
9788930231503,Why? 발표력 ,글: 박세준 ;그림: 박종성,1
9788930231527,Why? 오페라와 뮤지컬 ,글: 박세준 ;그림: 한종천,1
9788930231534,Why? 논어 ,글구성: 조영선 ;그림: 이영호,1
9788930231541,Why? 음식과 요리 ,글쓴이: 파피루스 ;그린이: 김강호,1
9788930231558,Why? 세계 유산 ,글: 조영선 ;그림: 이영호,1
9788930231633,Why? SNS ,글: 조영선 ;그림: 이영호,1
9788930232159,Why? people 스티븐 호킹 ,글: 그림나무 ;그림: 윤창원,1
9788930232173,Why? people 백남준 ,글쓴이: 그림나무 ;그린이: 백문호,1
9788930232180,Why? people 오프라 윈프리 ,글: 그림나무 ;그림: 김성래,1
9788930232241,Why? people 제인 구달 ,글쓴이: 그림나무 ;그린이: 윤종문,1
9788930232401,Why? 승자와 패자 ,글: 이근 ;그림: 극동만화연구소,1
9788930232425,Why? 궁궐이야기 ,글: 허순봉 ;그림: 극동만화연구소,1
9788930232449,Why? 영웅이야기 ,글: 이근 ;그림: 극동만화연구소,1
9788930232470,why? 신화와 전설 ,글: 박연아 ;그림: 극동만화연구소,1
9788930232494,Why? 신분과 직업 ,글: 이근 ;그림: 극동만화연구소,1
9788930232517,Why? 왕비이야기 ,글: 이근 ;그림: 극동만화연구소,1
9788930232524,Why? 우정과 경쟁 ,글: 우덕환 ;그림: 문성기,1
9788930232586,Why? 스승과 제자 ,글: 이근 ;그림: 극동만화연구소,1
9788930233064,(초등학교 때 꼭 알아야 할) 교과서 과학 100 ,허순봉 글 ;김정진 그림,1
9788930233439,Why? people 알베르트 아인슈타인 ,파피루스 글 ;정석호 그림,1
9788930236218,Why? 교과서 중심 수학,글: 남춘자 ;만화: 박종성,1
9788931915792,(초등 학생이 뽑은) 101가지 건강 상식 ,북소리 글;황찬 그림,1
9788931925210,(뭘까? 뭘까?) 호기심 특급 해결 ,김은빈 글 ;장덕현 그림,1
9788932909974,장미의 이름 ,지은이: 움베르토 에코 ;옮긴이: 이윤기,1
9788934936336,(코믹) 테일즈런너 고고씽 ,스토리이펙트 글 ;이정태 그림,1
9788934937487,(코믹) 테일즈런너 고고씽 ,스토리이펙트 글 ;이정태 그림,1
9788934948056,(코믹) 테일즈런너 고고씽 ,스토리이펙트 글 ;이정태 그림,1
9788934964322,(이두호의) 머털이 한국사,이은홍 글 ;이두호 그림,1
9788934965282,요리스타 청,조재호 글 ;은하수 그림,1
9788935610266,로마인 이야기,시오노 나나미 지음;김석희 옮김,1
9788935652792,마법의 설탕 두 조각 ,미카엘 엔데 글;진드라 케펙 그림;유혜자 옮김,1
9788936433673,엄마를 부탁해 ,지은이: 신경숙,1
9788936433871,두근두근 내 인생 ,지은이: 김애란,1
9788936434120,소년이 온다 ,지은이: 한강,1
9788936434267,아몬드 ,지은이: 손원평,1
9788936446819,수박 수영장 ,지은이: 안녕달,1
9788936454050,넉 점 반 ,윤석중 시;이영경 그림,1
9788936456221,우아한 거짓말 ,김려령,1
9788936461225,수학왕 기철이 ,"지은이: 강정규,강정훈,곽재구,김기정,김남중 ;그린이: 이덕화",1
9788937810770,무인도에서 살아남기 ,최덕희 글;강경효 그림,1
9788937810794,사막에서 살아남기 ,최덕희 글;강경효 그림,1
9788937813573,이라크에서 보물찾기 ,김윤수 글;강경효 그림,1
9788937833663,돈으로 살 수 없는 것들 ,지은이: 마이클 샌델 ;옮긴이: 안기순,1
9788937838750,(추리 천재) 엉덩이 탐정,글 그림: 트롤 ;옮긴이: 김정화,1
9788937841989,브라질에서 보물찾기 ,글: 곰돌이 co.;그림: 강경효,1
9788937842276,내일은 실험왕 ,글: 곰돌이 co. ;그림: 홍종현,1
9788937845390,마법의 화학 ,빈첸조 과르니에리 글 ;파비오 마냐쉬우티 그림 ;음경훈 옮김,1
9788937846274,명탐정 과학 수사 파일 ,황문숙 글 ;김이랑 그림,1
9788937847318,이상기후에서 살아남기,글: 곰돌이 co. ;그림: 한현동,1
9788937847486,호머 사이언스 ,글: 곰돌이 co. ;그림: 김신중,1
9788937847707,내일은 실험왕 ,글: 곰돌이 co. ;그림: 홍종현,1
9788937847721,내일은 실험왕 ,글: 곰돌이 co. ;그림: 홍종현,1
9788937848384,갯벌에서 살아남기,곰돌이 co. 글 ;한현동 그림,1
9788937883132,호머 사이언스 ,글: 곰돌이 co. ;그림: 김신중,1
9788937883309,내일은 발명왕 ,글: 곰돌이 co. ;그림: 홍종현,1
9788937883859,마구마구 야구왕,글: 작은하마,1
9788937883965,마구마구 야구왕,글: 작은하마,1
9788937883972,마구마구 야구왕,글: 작은하마,1
9788937884696,에너지 위기에서 살아남기 ,글: 김정욱 ;그림: 한현동,1
9788937884955,내일은 수학왕 ,글: 곰돌이 co. ;그림: 박강호,1
9788937899249,내일은 발명왕 ,글: 곰돌이 co. ;그림: 홍종현,1
9788943302245,늑대가 들려주는 아기돼지 삼형제 이야기 ,존 셰스카 글 ;레인 스미스 그림 ;황의방 옮김,1
9788943305840,책만 보는 바보 ,안소영 지음 ;강남미 그림,1
9788943309282,엄마에게 ,서진선 쓰고 그림,1
9788949110073,지각대장 존 ,존 버닝햄 글 그림;박상희 옮김,1
9788949110349,"오른발, 왼발",토미 드 파올라 글.그림;정해왕 옮김,1
9788949112312,마녀 위니의 공룡 소동 ,밸러리 토머스 글 ;코키 폴 그림 ;노은정 옮김,1
9788949112350,이 작은 책을 펼쳐봐 ,제시 클라우스마이어 글 ;이수지 그림 ;이상희 옮김,1
9788949112459,용감한 해적 마녀 위니 ,코키 폴 그림 ;밸러리 토머스 글 ;노은정 옮김,1
9788949112480,쌍둥이는 너무 좋아 ,염혜원 글·그림,1
9788949112541,마녀 위니와 심술쟁이 로봇 ,코키 폴 그림 ;밸러리 토머스 글 ;노은정 옮김,1
9788949120638,초콜릿 전쟁,로버트 코마이어 글;안인희 옮김,1
9788949121581,추억의 마니 ,조앤 G. 로빈슨 글 ;페기 포트넘 그림 ;안인희 옮김,1
9788949182568,빨간 날이 제일 좋아! ,김종렬 글 ;이경석 그림,1
9788949503196,Arthur helps out,by Marc Brown,1
9788950915322,Wow! ,옮긴이: 이충호,1
9788950916923,다빈치 푸드 ,글·그림: 스튜디오 애니멀,1
9788950916947,다빈치 푸드 ,글·그림: 스튜디오 애니멀,1
9788950919207,다빈치 푸드 ,글·그림: 스튜디오 애니멀,1
9788950921736,쾌걸 조로리,하라 유타카 글·그림,1
9788950922351,(마법천자문) 과학원정대,원작: 스튜디오 시리얼 ;글: 손영운 ;그림: 디지털터치,1
9788950925147,쾌걸 조로리,하라 유타카 글·그림,1
9788950925185,쾌걸 조로리,하라 유타카 글·그림,1
9788950925208,쾌걸 조로리,하라 유타카 글·그림,1
9788950933395,(Special) 마법천자문 ,글: 김현수 ;각색·그림: 인진호 ;채색: 김화정 ;감수: 문준혜,1
9788950934842,(마법천자문) 수학원정대,글:고순정 ; 그림:문성호 ;채색: 김수현,1
9788950934873,(마법천자문) 수학원정대,"글:지노 ; 그림:문성호, 김수현",1
9788950934903,(마법천자문) 수학원정대,글:지노 ; 그림:문성호,1
9788950936006,마법천자문 ,시리얼 글·그림,1
9788950936013,마법천자문 ,시리얼 글·그림,1
9788950936037,마법천자문 ,시리얼 글·그림,1
9788950936044,마법천자문 ,시리얼 글·그림,1
9788950936082,마법천자문 ,시리얼 글·그림,1
9788950936105,마법천자문 ,시리얼 글·그림,1
9788950936112,마법천자문 ,시리얼 글·그림,1
9788950936136,마법천자문 ,시리얼 글·그림,1
9788950936150,마법천자문 ,시리얼 글·그림,1
9788950939274,마법천자문 ,글: 김성재 ;그림: 정석호,1
9788950940232,(마법천자문) 영문법원정대,글: 박재성 ;그림: 김기수,1
9788950940744,(마법천자문) 직업원정대,"글: 김난영,박세준 ;그림: 작은나무",1
9788950945886,(마법천자문) 직업원정대,"글: 김난영,박세준 ;그림: 작은나무",1
9788950947101,(Special) 마법천자문 ,글: 김은희 ;그림: 황정호 ;감수: 문준혜,1
9788950948030,마법천자문 ,시리얼 글·그림,1
9788950952587,마법천자문 ,시리얼 글·그림,1
9788950955779,행복의 기원 ,서은국 지음,1
9788950965471,마법천자문 ,글: 올댓스토리 ;윤색: 김성재 ;그림:홍거북,1
9788952216229,이어령의 교과서 넘나들기,콘텐츠 크리에이터: 이어령,1
9788952216427,귓속말 금지 구역 ,김선희 글 ;정혜경 그림,1
9788952224330,비정근 ,"히가시노 게이고 지음 ;,김소영 옮김",1
9788952752536,담배 피우는 엄마 ,류호선 글 ;박정섭 그림,1
9788952756855,(생활속 과학원리) 원더풀 사이언스 ,글: 이준범 ;그림: 김대지,1
9788952757104,(생활속 과학원리) 원더풀 사이언스 ,글: 전미화 ;그림: 정종석,1
9788952757494,(생활속 과학원리) 원더풀 사이언스 ,글: 강민희 ;그림: 김주희,1
9788952757548,(생활속 과학원리) 원더풀 사이언스 ,글: 슈가박스 ;그림: 박은희,1
9788952757555,(생활속 과학원리) 원더풀 사이언스 ,글: 슈가박스 ;그림: 박은희,1
9788952762726,(당신이 속고 있는 28가지) 재테크의 비밀 ,박창모 지음,1
9788952767349,우주의 비밀을 펼쳐라 ,지은이: 케이티 데인스 ;그림: 피터 앨런 ;옮긴이: 이충호,1
9788952768629,독일 ,시공사 [편],1
9788952777638,(10년 후에도 변하지 않을) 부동산 투자의 정석 ,김원철 지음,1
9788952787675,우당탕 꾸러기 삼 남매 ,강무홍 글 ;박윤희 그림,1
9788952997050,신의 물방울 ,글: Tadashi Agi ;그림: Shu Okimoto ;역자: 설은미,1
9788953297593,(코믹) 메이플스토리 ,송도수 글 ;서정은 그림,1
9788953315464,그림으로 보는 한국사 ,글: 황은희 ;그림: 이동철,1
9788953331235,(그림으로 보는) 그리스 로마 신화 ,"글: 스카이엠 ;그림: 한철호,김영진,일러스툰",1
9788954430388,그림자로 지구 크기를 재어라! ,"지은이: 전영석,,이연주,,전민지 ;그린이: 이지후",1
9788954608657,1Q84 ,"지은이: 무라카미 하루키 ;,옮긴이: 양윤옥",1
9788954610551,고령화 가족 ,지은이: 천명관,1
9788954616744,할아버지의 이야기 나무 ,레인 스미스 글·그림 ;김경연 옮김,1
9788954617253,현의 노래 ,지은이: 김훈,1
9788954617710,모방범 ,지은이: 미야베 미유키 ;옮긴이: 양억관,1
9788954618762,괴담 ,지은이: 방미진,1
9788954623414,고래 ,지은이: 천명관,1
9788954641630,쇼코의 미소 ,지은이: 최은영,1
9788954645614,오직 두 사람 ,지은이: 김영하,1
9788954646130,기사단장 죽이기 ,지은이: 무라카미 하루키 ;옮긴이: 홍은주,1
9788954803472,(정의감을 길러 주는) 수호지,시내암 원작 ;박상욱 글 ;박산하 만화,1
9788955722536,(신비한) 인체백과 ,글: 정재은;그림: 박기종,1
9788955725193,똑같이 노력해 항상 이기는 아이 매번 지는 아이 ,이경신 글·그림,1
9788955725339,(퀴즈!) 과학상식 ,도기성 지음,1
9788955725629,(퀴즈!) 과학상식 ,차현진 지음,1
9788955726718,수학유령의 미스터리 암호수학,정재은 지음 ;김현민 그림,1
9788955726732,명탐정 뱀파이어의 어린이 과학탐정단 ,노지영 지음 ;신혜영 그림,1
9788955726794,(사랑·우정·성격) 맞아! 맞아! 혈액형 ,김경아 지음 ;오수진 그림,1
9788955789089,School bus,written by Donald Crews,1
9788955822892,손가락 문어 ,구세 사나에 글·그림 ;이기웅 옮김,1
9788956029023,그램그램 영문법 원정대,지은이: 장영준,1
9788956185903,엄마도 밥 좀 해!,글: 정임조 ;그림: 김예지,1
9788956186436,(메이플스토리) 세계사 원정대,"만화: 청강만화스튜디오 ;글: 김은권,박인하 ;그림: 진아라,김혜은",1
9788956604992,7년의 밤 ,지은이: 정유정,1
9788956607030,28,지은이: 정유정,1
9788956607580,인서전트 ,지은이: 베로니카 로스 ;옮긴이: 이수현,1
9788956897608,하늘모둠 살리기 대작전,임정순 글 ;박연옥 그림,1
9788957363058,(만화로 보는)그리스 로마 신화,토머스 불핀치 지음;이광진 엮음;서영 그림,1
9788957363089,(만화로 보는)그리스 로마 신화,토머스 불핀치 지음;이광진 엮음;서영 그림,1
9788957363119,(만화로 보는)그리스 로마 신화,토머스 불핀치 지음;이광진 엮음;서영 그림,1
9788957363164,(만화로 보는)그리스 로마 신화,토머스 불핀치 지음;이광진 엮음;서영 그림,1
9788957364390,어린이 과학 형사대 CSI,글: 고희정 ;그림: 서용남,1
9788957364475,어린이 과학 형사대 CSI,글: 고희정 ;그림: 서용남,1
9788957365212,어린이 과학 형사대 CSI,글: 고희정 ;그림: 서용남,1
9788957365281,어린이 과학 형사대 CSI,글: 고희정 ;그림: 서용남,1
9788957365458,어린이 과학 형사대 CSI,글: 고희정 ;그림: 서용남,1
9788957366868,어린이 사회 형사대 CSI,글: 고희정 ;그림: 송진욱,1
9788957367100,어린이 사회 형사대 CSI,글: 고희정 ;그림: 송진욱,1
9788957367483,어린이 과학 형사대 CSI,글: 고희정 ;그림: 서용남,1
9788957820742,(전설로 떠나는) 월街의 영웅 ,"피터 린치,존 로스차일드 지음 ;이건 옮김",1
9788958201915,(세상에서 가장 재미있는) 세계사,래리 고닉 글·그림 ;이희재 옮김,1
9788958261216,카스모사우루스와 친구들 ,애드라인 글·그림,1
9788958280378,"사라, 버스를 타다 ",윌리엄 밀러 글;존 워드 그림;박찬석 옮김,1
9788958280422,슬픈 종 소리 ,송언 글;한지예 그림,1
9788958283133,비밀 시험지 ,안점옥 지음 ;최정인 그림,1
9788958284413,보물 상자,김옥 동화 ;서현 그림,1
9788958284420,달을 마셨어요 ,김옥 동화 ;서현 그림,1
9788958284659,딩동딩동 편지 왔어요 ,정소영 쓰고 그림,1
9788958286158,꿈꾸는 징검돌 ,김용철 쓰고 그림,1
9788958620358,(대하역사만화) 박시백의 조선왕조실록,글·그림: 박시백,1
9788958620396,(대하역사만화) 박시백의 조선왕조실록,박시백 글·그림,1
9788958621799,(어린이) 살아있는 과학 교과서,"홍준의,최후남,고현덕,김태일 원작 ;김태일 글 ;마정원 그림",1
9788958625469,(대하역사만화) 박시백의 조선왕조실록,글·그림: 박시백,1
9788958628163,(박시백의) 조선왕조실록 ,글 · 그림: 박시백,1
9788959130443,편안하고 사랑스럽고 그래,글·그림: 퍼엉,1
9788959194841,(고우영) 십팔사략 ,지은이: 고우영,1
9788959194988,신과 함께 ,지은이: 주호민,1
9788959194995,신과 함께 ,지은이: 주호민,1
9788959195008,신과 함께 ,지은이: 주호민,1
9788960242326,스마트 걸 ,글: 김학연 ;그림: 써니,1
9788960242739,(빈대 가족의) 위대한 탄생 ,글: 이승희 ;그림: 류수형,1
9788960242982,(Maplestory) 메이플 홈런왕,글·그림: 현보아트스쿨,1
9788960243125,(빈대 가족의) 아빠 어디 가?,글: 임창호 ;그림: 류수형,1
9788960243408,(빈대 가족의) 별의별 아르바이트 ,글: 이봉기 ;그림: 류수형,1
9788960532410,토지,지은이: 박경리,1
9788960534094,(만화) 토지 ,원작: 박경리 ;각색: 조윤아 ;그림: 박명운,1
9788960552906,(Gujarati의) 계량경제학 ,"Damodar N. Gujarati,,Dawn C. Porter 공저 ;류지수,,유병철,,정기호 공역",1
9788960603905,처음 타이완에 가는 사람이 가장 알고 싶은 것들 ,정해경 지음,1
9788960861268,꼴,허영만 글·그림,1
9788960862517,꼴,허영만 글·그림,1
9788960863132,영어책 한 권 외워봤니? ,김민식 지음,1
9788960865815,미생 ,지은이: 윤태호,1
9788960866003,미생 ,지은이: 윤태호,1
9788960866072,미생 ,지은이: 윤태호,1
9788960866157,미생 ,지은이: 윤태호,1
9788960866201,미생 ,지은이: 윤태호,1
9788961429108,"(검정고무신 기영이 기철이) 그래, 그땐 그랬지 ",글: 도래미 ;그림: 이우진,1
9788961770484,돼지 삼총사 보글보글 화학 레시피 ,로베르트 그리스벡 글 ;닐스 플리그너 그림 ;고영아 옮김,1
9788961770743,(우당탕탕) 재강이 구출 작전 ,김리리 글 ;조승연 그림,1
9788961770880,"안녕, 낙하산! ",대니 파커 글 ;매트 오틀리 그림 ;김지은 옮김,1
9788962224900,네 공부는 무슨 맛이니? ,이기규 글 ;최현묵 그림,1
9788962226966,그래서 이런 한국사가 생겼대요 ,우리누리 글 ;우지현 그림,1
9788962227000,그래서 이런 직업이 생겼대요 ,우리누리 글 ;송진욱 그림,1
9788962471168,(중학생이 되기 전에 꼭 읽어야 할) 만화 경제 교과서 ,글·그림: 어택,1
9788962474381,떡 보면 딱 아는 초등만화 영어,글·그림: 석동연,1
9788962807066,버리면 버릴수록 행복해졌다 ,황윤정 지음,1
9788963055718,대충대충 듣지 말걸 ,줄리아 쿡 글 ;켈세이 드 위어드 그림 ;김민지 옮김,1
9788963057088,좋아하는 과목으로 진로를 찾아라 ,김상호 지음,1
9788963190785,(수학선생님도 궁금한) 101가지 초등 수학 질문사전 ,"글: 김남준,김잔디,김혜임,이재영,정연숙,최미라 ;그림: 심차섭",1
9788963294766,미키 마우스는 다락방 생쥐였다 ,글: 유승희 ;그림: 송효정,1
9788963297255,"안 돼요, 안 돼! ",김민정 글;임수현 그림,1
9788963702445,Who? 월트 디즈니 ,글: 오영석 ;그림: 스튜디오 청비,1
9788963702483,Who? 스티브 잡스 ,글: 오영석 ;그림: 스튜디오 청비,1
9788963706184,Who? 마더 테레사 ,Team. 신화 글·그림,1
9788963708386,예감은 틀리지 않는다 ,"지은이: 줄리언 반스 ;,옮긴이: 최세희",1
9788963720746,설명할 수 없는 것을 설명하기,"아나톨리 긴,알렉산드르 카흐트레프 지음 ;한진희 옮김",1
9788964354377,그램그램 영문법 원정대,지은이: 장영준,1
9788964355190,그램그램 영단어 원정대,지은이: 장영준 ;구성·그림: 어필,1
9788964355213,용선생의 시끌벅적 한국사,그림: 이우일,1
9788964357712,그램그램 영문법 원정대,"지은이: 장영준 ;구성·그림: 김정욱,김덕영",1
9788964720066,어떻게 지은 거니? ,글: 꿈꾸는 뉴런 ;그림: 크레파스,1
9788964806159,슈퍼히어로즈,제로니모 스틸턴 글,1
9788964960035,나는 나의 주인 ,채인선 글 ;안은진 그림,1
9788964962169,오방색이 뭐예요? ,임어진 글 ;신민재 그림,1
9788965132806,역사왕이 되는 한국사 이야기,글공작소 지음,1
9788965460152,멋진 직업을 갖고 싶어! ,글·그림: 오렌지툰,1
9788965460404,(KBS 위기탈출) 넘버원,구성: 에듀코믹 ;그림: 차현진,1
9788965590415,단서를 찾아라!,"글·그림: 율리안 프레스 ;옮김: 박선주,김현희",1
9788965744023,정글만리 ,저자: 조정래,1
9788966070220,테일즈런너 영어킹왕짱! ,글: 디지털터치 ;그림: 장성민,1
9788966070350,테일즈런너 역사 킹왕짱!,글: 디지털터치 ;그림: 최익규,1
9788966070510,테일즈런너 영어킹왕짱! ,글: 이강안  ;그림: 장성민,1
9788966070633,테일즈런너 영어킹왕짱! ,글: 이강안  ;그림: 장성민,1
9788966070671,테일즈런너 수학킹왕짱!,글: 이강안 ;그림: 문인호,1
9788966070978,테일즈런너 수학킹왕짱!,글: 이강안 ;그림: 문인호,1
9788967252922,(극장판 도라에몽) 진구와 기적의섬 ,원작: 후지코· F· 후지오 ;번역: 선우,1
9788970128085,해변의 카프카 ,"무라카미 하루키 [지음] ;,김춘미 옮김",1
9788970128856,"총, 균, 쇠 ","재레드 다이아몬드 지음 ;,김진준 옮김",1
9788970578408,도전! 골든벨,글: 이병무 ; 그림: 이동학,1
9788971996096,나의 한국현대사 ,유시민 지음,1
9788971996676,담론 ,신영복 지음,1
9788972592976,"날 좀 도와 줘, 무지개 물고기! ",마르쿠스 피스터 그림.글;우미경 옮김,1
9788972596363,리디아의 정원 ,데이비드 스몰 그림;사라 스튜어트 글;이복희 옮김,1
9788972754282,유성의 인연 ,히가시노 게이고 [지음] ;양윤옥 옮김,1
9788972756194,나미야 잡화점의 기적 ,"지은이: 히가시노 게이고 ;,옮긴이: 양윤옥",1
9788973378166,(趙廷來 大河小說) 아리랑,趙廷來,1
9788973378326,한강 ,趙廷來,1
9788973433391,(중·고등학생이 꼭 알아야 할) 교과서 단편소설 읽기,김동인 외 지음,1
9788974749156,행복한 청소부 ,모니카 페트 지음;안토니 보라틴스키 그림;김경연 옮김,1
9788976504234,다섯 손가락 이야기 ,"카미유 로랑스,장 드베르나르,미카엘 글뤽,로랑 고데,엠마뉘엘 다를레 글 ;마르탱 자리 그림 ;백선희 옮김",1
9788977883819,엄마는 외국사람 ,글: 김태정 ;그림: 천양자,1
9788983717573,백년 허리 ,지은이: 정선근,1
9788983717863,나는 가해자의 엄마입니다 ,지은이: 수 클리볼드 ;옮긴이: 홍한별,1
9788984056725,인생이 빛나는 정리의 마법 ,곤도 마리에 지음 ;홍성민 옮김,1
9788984141186,학교에 간 사자 ,지은이: 필리파 피어스 ;그린이: 캐럴라인 샤프 ;옮긴이: 햇살과나무꾼,1
9788984284555,정신 없는 도깨비 ,서정오 글;홍영우 그림,1
9788984287877,병만이와 동만이 그리고 만만이,허은순 글 ;김이조 그림,1
9788984288768,미운 아기 오리 뿡쉬,김지연 글 ;한나빵 그림,1
9788984318779,잠실동 사람들 ,지은이: 정아은,1
9788984371071,종이 여자 ,"지은이: 기욤 뮈소 ;,옮긴이: 전미연",1
9788984371132,파리 5구의 여인 ,"지은이: 더글라스 케네디 ;,옮긴이: 조동섭",1
9788984371446,센트럴 파크 ,기욤 뮈소 [지음];양영란 옮김,1
9788984373068,브루클린의 소녀 ,지은이: 기욤 뮈소 ;옮긴이: 양영란,1
9788984993891,난장이가 쏘아올린 작은 공,조세희 원작;홍파 각색,1
9788985494656,심심해서 그랬어,윤구병 글;이태수 그림,1
9788986565041,세상에서 제일 힘센 수탉 ,이호백 글;이억배 그림,1
9788986565522,짜장 짬뽕 탕수육 ,김영주 글;고경숙 그림,1
9788986621105,만희네 집,글·그림: 권윤덕,1
9788986621426,해치와 괴물 사형제 ,글쓴이: 정하섭 ;그린이: 한병호,1
9788986621730,고양이 ,글: 현덕 ;그림: 이형진,1
9788986621778,황소 아저씨 ,글: 권정생 ;그림: 정승각,1
9788987721095,우리들의 일그러진 영웅,이문열 지음,1
9788988027400,죽은 시인의 사회,톰 슐만 지음;낸시 클라인바움 각색;한은주 옮김,1
9788988674475,여우의 전화박스 ,도다 가즈요 글;다카스 가즈미 그림;햇살과나무꾼 옮김,1
9788989654360,우리 독도에서 온 편지 ,윤문영 글·그림,1
9788989863786,100층짜리 집,글·그림: 이와이 도시오 ;옮김: 김숙,1
9788989863915,지하 100층짜리 집,글·그림: 이와이 도시오 ;옮긴이: 김숙,1
9788990103192,(만화로 보는)그리스 로마 신화,토머스 불핀치 지음;이광진 엮음;서영 그림,1
9788990103208,(만화로 보는)그리스 로마 신화,토머스 불핀치 지음;이광진 엮음;서영 그림,1
9788990396419,아인슈타인 ,돈 브라운 글·그림 ;윤소영 옮김,1
9788990611260,틀려도 괜찮아,마키타 신지 글;하세가와 토모코 그림;유문조 옮김,1
9788990794369,핵 폭발 뒤 최후의 아이들 ,구드룬 파우제방 지음;최혜란 그림;함미라 옮김,1
9788990809179,왜 세계의 절반은 굶주리는가?,장 지글러 지음;유영미 옮김,1
9788990878052,어느 날 내가 죽었습니다 ,이경혜 지음,1
9788990982520,그 무렵 누군가 ,히가시노 게이고 지음 ;이혁재 옮김,1
9788990982575,가면산장 살인사건 ,지은이: 히가시노 게이고 ;옮긴이: 김난주,1
9788990982599,오사카 소년 탐정단 ,히가시노 게이고 지음 ;김난주 옮김,1
9788991141797,피터의 고양이 수업 ,폴 갈리코 지음 ;조동섭 옮김,1
9788991223622,발명가 오티스 ,지은이: 모니카 쿨링 ;그린이: 데이비드 파킨스 ;옮긴이: 김선희,1
9788991642638,날마다 5분 안전트레이닝 ,원작: 재능방송 제작팀 ;구성: [종이비행기] 편집부,1
9788991742093,오늘이 ,글: 서정오 ;그림: 조수진,1
9788991963849,에너지 ,"에밀리 보몽 기획 ;에마뉘엘 르프티 글 ;이브 르케슨,자트 다얀 그림 ;과학상상 옮김",1
9788991980778,미소녀 고은비 ,한예찬 글 ;김민혜 그림,1
9788992037549,(레츠고!!) MBA,,1
9788992119634,30평 아파트 대신 1000평 땅주인 된 엄마 ,박보혜 지음,1
9788992130851,(유리 구두를 벗어 버린) 신데렐라 ,글: 노경실 ;그림: 주리,1
9788992161671,희귀 동물 팝니다 ,찰스 오그든 글 ;릭 카튼 그림 ;윤인경 옮김,1
9788992161695,지하 세계 ,찰스 오그든 글 ;릭 카튼 그림 ;윤영 옮김,1
9788992479370,테일즈런너 수학킹왕짱!,글·그림: 디지털터치,1
9788992479509,테일즈런너 영어킹왕짱! ,글·그림: 디지털터치,1
9788992479561,테일즈런너 영어킹왕짱! ,글·그림: 디지털터치,1
9788992479585,테일즈런너 영어킹왕짱! ,글: 디지털터치 ;그림: 장성민,1
9788992479707,테일즈런너 영어킹왕짱! ,글·그림: 디지털터치,1
9788992479745,테일즈런너 영어킹왕짱! ,글·그림: 디지털터치,1
9788992479967,테일즈런너 영어킹왕짱! ,글·그림: 디지털터치,1
9788992751780,아름다운 부자 이야기 ,신현배 글 ;양동석 그림,1
9788993166569,통찰 ,최재천 지음,1
9788993242805,소원을 그리는 아이 ,김평 글 ;홍선주 그림,1
9788993267464,(영어를 우리말처럼 하는) 기적의 영어 육아 ,이성원 지음,1
9788993341775,소피아의 왕관 찾기 ,글 그림: 디즈니 ;번역: 토이트론창의개발연구소,1
9788993473094,공룡대공원 ,글: 윌리엄 린제이 ;그림: 줄리아노 포르나리 ;번역: 이동훈,1
9788993499469,타이거 수사대 T.I.4,"글: 토마스 브레치나 ;그림: 나오미 페아른 ;옮김: 이동준,권소아",1
9788993499995,타이거 수사대 T.I.4 ,"글: 토마스 브레치나 ;그림: 나오미 페아른 ;옮김: 이동준,권소아",1
9788993524215,(명화로 배우는 성경) 미술관이 살아있다 ,글·그림: 뮤세이온,1
9788993524222,(명화로 배우는 성경) 미술관이 살아있다 ,글·그림: 뮤세이온,1
9788993524253,(명화로 배우는 성경) 미술관이 살아있다 ,글·그림: 뮤세이온,1
9788993524260,(명화로 배우는 성경) 미술관이 살아있다 ,글·그림: 뮤세이온,1
9788993524284,(명화로 배우는 성경) 미술관이 살아있다 ,글·그림: 뮤세이온,1
9788993734348,어떤 하루 ,신준모 지음 ;김진희 그림,1
9788993928792,혼자의 발견 ,지은이: 곽정은,1
9788993964585,고구려 ,지은이: 김진명,1
9788993964844,싸드 ,지은이: 김진명,1
9788994110042,정글에서 살아남기,글: 코믹컴 ;그림: 네모,1
9788994110554,바다에서 살아남기 ,코믹컴 글 ;정준규 그림,1
9788994700540,게임 회사에서 일해보기 ,기획·글: 아리스토 ;그림: 김태용,1
9788994749181,미래탐험 꿈발전소,지은이: 배경희 ;그린이: 정종석,1
9788994749303,미래탐험 꿈발전소,지은이:박연아; 그림:문평윤,1
9788994749426,미래탐험 꿈발전소,글: 김승렬 ;그림: 김정진,1
9788994749433,미래탐험 꿈발전소,지은이: 김원식; 그림:정범수,1
9788994749778,(명탐정) 셜록 홈즈,"아서 코난 도일 지음 ;민승기,한준,스튜디오 해닮 그림",1
9788994780221,(이현세) 만화 세계사 넓게 보기,이현세 만화,1
9788994799445,런던 ,"글과 사진: 박정은,전혜진",1
9788995151204,난장이가 쏘아올린 작은 공,조세희,1
9788995501443,꾸뻬 씨의 행복 여행 ,프랑수아 를로르 지음;오유란 옮김,1
9788995688991,생각의 탄생,"로버트 루트번스타인,미셸 루트번스타인 지음;박종성 옮김",1
9788996134619,테일즈런너 이야기 마법전사 ,글: 강영철 ;그림: 최우빈,1
9788996134664,테일즈런너 이야기 마법전사 ,글: 강영철 ;그림: 문인호,1
9788996145622,우리 엄마 팔아요 ,바르바라 로제 글 ;케어스틴 ?O커 그림 ;이옥용 옮김,1
9788996640479,판타지 알파벳 콜렉터 ,글·그림: 크리트리,1
9788996746416,나는 까칠하게 살기로 했다 ,양창순 지음,1
9788996842262,인간의 조건 ,지은이: 고미카와 준페이 ;옮긴이: 김대환,1
9788996881421,양말을 꿀꺽 삼켜버린 수학,글: 김선희 ;그림: 조현숙 ;수학 콘텐츠 및 감수: CMS에듀케이션,1
9788996991342,미움받을 용기 ,"기시미 이치로,,고가 후미타케 지음 ;전경아 옮김",1
9788997089345,(새로운) 오키나와 여행 ,지은이: 세소코 마사유키 ;옮긴이: 김소연 ;공동기획: 인페인터글로벌,1
9788997174485,반짝 ,글: 어린이 통합교과 연구회 ;그림: 현태준,1
9788998515065,내 영혼이 따뜻했던 날들 ,포리스트 카터 지음 ;조경숙 옮김,1
9791155427095,오르는 부동산의 법칙 ,조현철 지음,1
9791156390480,Who? 안철수 ,글: 최재훈 ;그림: 정석호,1
9791156394747,Who? 문재인 ,"글: 김승민 ;그림: 김광일,툰쟁이",1
9791158461102,네가 진짜 하고 싶은 게 뭐야? ,엮은이: 설대우,1
9791158461409,나의 첫 번째 수채화 수업 ,김소라 지음,1
9791158510619,타이탄의 도구들 ,"팀 페리스 지음 ;박선령,정지현 옮김",1
9791158680657,치킨이 온다 치킨 쿠폰! ,글: 김경숙 ;그림: 최지영,1
9791160486735,완벽한 공부법 ,"고영성,신영준 지음",1
9791161231686,(Hello! my job) 경찰 ,글: 최재훈 ;그림: 박종호,1
9791170260752,(하루 한 조각) 손바느질 리넨소품 ,조아라 지음,1
9791185205403,"조심해, 씽씽 바퀴! ",글: 김미미 ;그림: 정경호,1
9791185343457,자동차 기차 배 비행기 대백과 ,"글: 탈것공작소 ;그림: 전정환,강주연",1
9791185343693,(디자이너를 꿈꾸는 어린이를 위한) 패션의 시간여행 ,"야나 세들라취코바 지음 ;톰스키,폴란스키,얀 바이다,슈테판 렌크 그림 ;김혜연 옮김",1
9791185431550,Who? 왕가리 마타이 ,글: 파피루스 ;그림: 툰쟁이,1
9791185431611,Who? 알프레드 노벨 ,글: 김성훈 ;그림: 최병국,1
9791185431864,Who? 아웅산수찌 ,글: 이숙자 ;그림: 조명원,1
9791186340691,글자전쟁 ,지은이: 김진명,1
9791186472767,아이 love 뱀파이어 인기비결 72 ,"지음: 노지영 ;그림: 김미경,송윤신",1
9791186560112,좋아 보이는 것들의 비밀 ,이랑주 지음,1
9791186560167,명견만리 ,KBS <명견만리> 제작팀 지음,1
9791186602096,공부 중독 ,"지은이: 엄기호,하지현",1
9791187481324,부자의 시간 ,지은이: 최윤식,1
9791195049981,나도 이유가 있어 ,송지영 글 ;혜경 그림,1
9791195568758,부분과 전체 ,지은이: 베르너 하이젠베르크 ;옮긴이: 유영미,1
9791195788583,(만화로 보는) 맨큐의 경제학,"그레고리 맨큐 지음 ;김용석,김기영 편저 ;채 안 그림",1
9788993632583,거짓말 삽니다 ,"지은이: 한국미니픽션작가회 ;참여 작가: 강물,구자명,구준회,김민효,김의규,김정묘,김진초,김혁,남명희,배명희,심아진,안영실,양동혁,윤신숙,이목연,이진훈,이하언,임나라,정성환,정이수,최서윤,이성우,이현신,정혜영",1
